District,State,district_key,Historical_Flood_Count,Historical_Total_Duration,Historical_Average_Duration,Historical_Fatalities,Historical_Injuries,Historical_Displaced,Historical_Animal_Fatalities
Patna,BIHAR,patna,71.0,1137.0,16.014084507042252,4793.0,51.0,0.0,1690.0
Murshidabad,WEST BENGAL,murshidabad,45.0,980.0,21.77777777777778,3781.0,25.0,0.0,5127.0
Thane,MAHARASHTRA,thane,97.0,259.0,2.670103092783505,2191.0,473.0,0.0,29681.0
Guntur,ANDHRA PRADESH,guntur,34.0,281.0,8.264705882352942,1654.0,432.0,0.0,102189.0
North Twenty Four Pargan*,WEST BENGAL,northtwentyfourpargan,0.0,0.0,0.0,0.0,0.0,0.0,0.0
Nagpur,MAHARASHTRA,nagpur,177.0,1188.0,6.711864406779661,4219.0,243.0,0.0,234115.0
Purba Medinipur,WEST BENGAL,purbamedinipur,37.0,79.0,2.135135135135135,220.0,136.0,0.0,0.0
Lakhimpur,ASSAM,lakhimpur,218.0,1867.0,8.564220183486238,3090.0,245.0,0.0,10938155.0
Gorakhpur,UTTAR PRADESH,gorakhpur,64.0,1167.0,18.234375,6836.0,52.0,0.0,11164.0
Purba Champaran,BIHAR,purbachamparan,0.0,0.0,0.0,0.0,0.0,0.0,0.0
Kota,RAJASTHAN,kota,51.0,622.0,12.196078431372548,1772.0,1065.0,1.0,284061.0
Muzaffarpur,BIHAR,muzaffarpur,63.0,1215.0,19.285714285714285,5188.0,118.0,0.0,1040.0
Ballia,UTTAR PRADESH,ballia,65.0,1127.0,17.338461538461537,7788.0,78.0,0.0,11164.0
Maldah,WEST BENGAL,maldah,17.0,635.0,37.35294117647059,1749.0,0.0,0.0,104.0
Aurangabad,BIHAR,aurangabad,91.0,1171.0,12.868131868131869,6316.0,168.0,0.0,27710.0
Rajkot,GUJARAT,rajkot,41.0,722.0,17.609756097560975,3854.0,74.0,2.0,134743.0
Cachar,ASSAM,cachar,154.0,1223.0,7.941558441558442,2447.0,208.0,13.0,7093975.0
Ahmadabad,GUJARAT,ahmadabad,0.0,0.0,0.0,0.0,0.0,0.0,0.0
Bahraich,UTTAR PRADESH,bahraich,72.0,1065.0,14.791666666666666,6723.0,100.0,0.0,11268.0
Dibrugarh,ASSAM,dibrugarh,155.0,1596.0,10.296774193548387,2711.0,240.0,4.0,9849601.0
Prayagraj,UTTAR PRADESH,prayagraj,56.0,989.0,17.660714285714285,6913.0,47.0,0.0,9703.0
Chamoli,UTTARAKHAND,chamoli,37.0,142.0,3.8378378378378377,5955.0,123.0,215.0,1674.0
Darjiling,WEST BENGAL,darjiling,0.0,0.0,0.0,0.0,0.0,0.0,0.0
Jalpaiguri,WEST BENGAL,jalpaiguri,55.0,915.0,16.636363636363637,2832.0,27.0,0.0,50511.0
Azamgarh,UTTAR PRADESH,azamgarh,52.0,1045.0,20.096153846153847,6631.0,52.0,0.0,10599.0
Pashchim Champaran,BIHAR,pashchimchamparan,64.0,1281.0,20.015625,5386.0,111.0,0.0,1040.0
Amravati,MAHARASHTRA,amravati,80.0,361.0,4.5125,1715.0,139.0,1.0,7913.0
Medinipur West,WEST BENGAL,medinipurwest,0.0,0.0,0.0,0.0,0.0,0.0,0.0
Samastipur,BIHAR,samastipur,57.0,1177.0,20.649122807017545,4888.0,100.0,0.0,1316.0
Darbhanga,BIHAR,darbhanga,67.0,1230.0,18.35820895522388,5282.0,30.0,0.0,1040.0
Alappuzha,KERALA,alappuzha,113.0,600.0,5.3097345132743365,1338.0,534.0,9.0,847210.0
Surat,GUJARAT,surat,47.0,531.0,11.297872340425531,2135.0,50.0,2.0,28358.0
Kachchh,GUJARAT,kachchh,31.0,737.0,23.774193548387096,1822.0,88.0,2.0,33931.0
Shimla,HIMACHAL PRADESH,shimla,113.0,434.0,3.84070796460177,1272.0,256.0,7.0,18402.0
Bhagalpur,BIHAR,bhagalpur,54.0,1099.0,20.35185185185185,4597.0,110.0,0.0,8471.0
Madhubani,BIHAR,madhubani,67.0,1277.0,19.059701492537314,5430.0,104.0,0.0,1005.0
Raigarh,CHHATTISGARH,raigarh,53.0,179.0,3.4423076923076925,2380.0,179.0,93.0,41280.0
Bharuch,GUJARAT,bharuch,50.0,715.0,14.3,2203.0,119.0,2.0,18676.0
Nanded,MAHARASHTRA,nanded,66.0,244.0,3.696969696969697,2620.0,132.0,0.0,41128.0
Hamirpur,UTTAR PRADESH,hamirpur,117.0,1159.0,9.905982905982906,5958.0,88.0,2.0,28287.0
Nadia,WEST BENGAL,nadia,37.0,900.0,24.324324324324323,3569.0,17.0,0.0,3849.0
Dhemaji,ASSAM,dhemaji,202.0,1728.0,8.554455445544555,2662.0,216.0,0.0,11017414.0
Pune,MAHARASHTRA,pune,139.0,342.0,2.460431654676259,3005.0,269.0,12.0,53031.0
Kamrup,ASSAM,kamrup,181.0,1514.0,8.3646408839779,2762.0,69.0,3.0,10618302.0
Sitapur,UTTAR PRADESH,sitapur,69.0,887.0,12.855072463768115,5490.0,52.0,0.0,10359.0
Deoria,UTTAR PRADESH,deoria,56.0,1058.0,18.892857142857142,6340.0,47.0,0.0,10667.0
Kheri,UTTAR PRADESH,kheri,58.0,921.0,15.879310344827585,5423.0,26.0,0.0,9980.0
Hooghly,WEST BENGAL,hooghly,31.0,285.0,9.193548387096774,1660.0,56.0,0.0,4708.0
Agra,UTTAR PRADESH,agra,39.0,782.0,20.05128205128205,4267.0,120.0,0.0,4920.0
Ganjam,ODISHA,ganjam,36.0,815.0,22.63888888888889,3385.0,6.0,0.0,52749.0
Cuttack,ODISHA,cuttack,58.0,948.0,16.63157894736842,3457.0,6.0,0.0,86282.0
Begusarai,BIHAR,begusarai,50.0,1109.0,22.18,4588.0,100.0,0.0,1066.0
Katihar,BIHAR,katihar,65.0,1274.0,19.6,5370.0,10.0,0.0,7021.0
Thiruvananthapuram,KERALA,thiruvananthapuram,231.0,897.0,3.883116883116883,1607.0,536.0,52.0,860713.0
Bankura,WEST BENGAL,bankura,21.0,732.0,34.857142857142854,3130.0,26.0,0.0,590.0
Baleshwar,ODISHA,baleshwar,53.0,828.0,15.622641509433961,3027.0,9.0,0.0,55488.0
Malappuram,KERALA,malappuram,97.0,522.0,5.381443298969073,1309.0,437.0,40.0,847210.0
Sawai Madhopur,RAJASTHAN,sawaimadhopur,25.0,530.0,21.2,1184.0,1043.0,0.0,208772.0
Nagaon,ASSAM,nagaon,178.0,1481.0,8.320224719101123,2481.0,66.0,3.0,10763912.0
Kurnool,ANDHRA PRADESH,kurnool,34.0,239.0,7.029411764705882,1354.0,435.0,0.0,95804.0
Basti,UTTAR PRADESH,basti,56.0,1046.0,18.678571428571427,6226.0,29.0,0.0,10894.0
Varanasi,UTTAR PRADESH,varanasi,55.0,998.0,18.145454545454545,7161.0,39.0,0.0,9738.0
Visakhapatnam,ANDHRA PRADESH,visakhapatnam,26.0,255.0,9.807692307692308,1029.0,442.0,0.0,90775.0
Thrissur,KERALA,thrissur,91.0,496.0,5.450549450549451,1204.0,408.0,51.0,847510.0
Bara Banki,UTTAR PRADESH,barabanki,71.0,936.0,13.183098591549296,5908.0,51.0,0.0,10933.0
Karimganj,ASSAM,karimganj,107.0,1131.0,10.570093457943925,2209.0,67.0,0.0,3585768.0
Tinsukia,ASSAM,tinsukia,78.0,987.0,12.653846153846153,2204.0,231.0,0.0,8977177.0
Kottayam,KERALA,kottayam,102.0,518.0,5.078431372549019,1318.0,486.0,25.0,847210.0
Pratapgarh,UTTAR PRADESH,pratapgarh,61.0,1355.0,22.21311475409836,5998.0,51.0,0.0,10841.0
Saran,BIHAR,saran,52.0,1135.0,21.826923076923077,4840.0,10.0,0.0,1052.0
Kolhapur,MAHARASHTRA,kolhapur,54.0,195.0,3.611111111111111,2534.0,136.0,12.0,41611.0
Bharatpur,RAJASTHAN,bharatpur,30.0,154.0,5.133333333333334,717.0,1003.0,0.0,9699.0
Supaul,BIHAR,supaul,47.0,1028.0,21.872340425531913,4986.0,104.0,0.0,755.0
Kannur,KERALA,kannur,91.0,469.0,5.153846153846154,1206.0,424.0,49.0,847209.0
Barpeta,ASSAM,barpeta,165.0,1521.0,9.218181818181819,2690.0,67.0,0.0,10697543.0
Khagaria,BIHAR,khagaria,53.0,1207.0,22.77358490566038,5108.0,100.0,0.0,3582.0
Etawah,UTTAR PRADESH,etawah,47.0,848.0,18.04255319148936,5688.0,46.0,0.0,9707.0
Jammu,JAMMU & KASHMIR,jammu,47.0,250.0,5.319148936170213,1444.0,104.0,0.0,11196.0
Cooch Behar,WEST BENGAL,coochbehar,33.0,254.0,7.696969696969697,1187.0,5.0,0.0,50511.0
Saharanpur,UTTAR PRADESH,saharanpur,36.0,819.0,22.75,5977.0,32.0,3.0,13122.0
Ratnagiri,MAHARASHTRA,ratnagiri,65.0,194.0,2.9846153846153847,2244.0,179.0,5.0,31119.0
East Godavari,ANDHRA PRADESH,eastgodavari,39.0,350.0,8.974358974358974,1972.0,10.0,4.0,90716.0
Saharsa,BIHAR,saharsa,55.0,1274.0,23.163636363636364,5056.0,30.0,0.0,1005.0
Thanjavur,TAMIL NADU,thanjavur,36.0,335.0,9.305555555555555,1256.0,231.0,0.0,4075.0
Meerut,UTTAR PRADESH,meerut,38.0,797.0,20.973684210526315,5379.0,55.0,0.0,8215.0
Howrah,WEST BENGAL,howrah,30.0,242.0,8.066666666666666,1583.0,22.0,0.0,3442.0
Pithoragarh,UTTARAKHAND,pithoragarh,27.0,136.0,5.037037037037037,7491.0,45.0,15.0,6388.0
Junagadh,GUJARAT,junagadh,52.0,835.0,16.057692307692307,2677.0,77.0,2.0,134743.0
Gonda,UTTAR PRADESH,gonda,71.0,1063.0,14.971830985915492,6248.0,26.0,0.0,10339.0
Jaipur,RAJASTHAN,jaipur,47.0,556.0,11.829787234042554,786.0,56.0,0.0,890.0
Sonitpur,ASSAM,sonitpur,161.0,1454.0,9.031055900621118,2536.0,75.0,0.0,7207424.0
Sivasagar,ASSAM,sivasagar,129.0,1526.0,11.829457364341085,2449.0,69.0,0.0,10108675.0
Uttarkashi,UTTARAKHAND,uttarkashi,2.0,2.0,1.0,10.0,1.0,0.0,6.0
Parbhani,MAHARASHTRA,parbhani,52.0,233.0,4.480769230769231,2579.0,118.0,0.0,41361.0
Ernakulam,KERALA,ernakulam,84.0,432.0,5.142857142857143,1097.0,451.0,49.0,847209.0
Kullu,HIMACHAL PRADESH,kullu,96.0,369.0,3.84375,965.0,283.0,9.0,18100.0
Lucknow,UTTAR PRADESH,lucknow,52.0,887.0,17.057692307692307,5431.0,30.0,0.0,9731.0
Faizabad,UTTAR PRADESH,faizabad,0.0,0.0,0.0,0.0,0.0,0.0,0.0
Kozhikode,KERALA,kozhikode,113.0,514.0,4.548672566371682,1340.0,406.0,49.0,854210.0
Goalpara,ASSAM,goalpara,141.0,1449.0,10.27659574468085,2630.0,63.0,0.0,10178075.0
Jorhat,ASSAM,jorhat,136.0,1756.0,12.911764705882353,2959.0,65.0,0.0,10798935.0
Rudraprayag,UTTARAKHAND,rudraprayag,19.0,30.0,1.5789473684210527,5194.0,83.0,31.0,1095.0
Gopalganj,BIHAR,gopalganj,48.0,1139.0,23.729166666666668,4804.0,100.0,0.0,1005.0
Raichur,KARNATAKA,raichur,58.0,459.0,7.913793103448276,1499.0,172.0,0.0,9310.0
Patiala,PUNJAB,patiala,53.0,283.0,5.339622641509434,936.0,88.0,0.0,6601.0
Palakkad,KERALA,palakkad,70.0,402.0,5.742857142857143,1091.0,375.0,40.0,854210.0
Vaishali,BIHAR,vaishali,45.0,1016.0,22.57777777777778,4442.0,10.0,0.0,1078.0
Ballari,KARNATAKA,ballari,58.0,478.0,8.241379310344827,1517.0,152.0,0.0,11866.0
Jodhpur,RAJASTHAN,jodhpur,43.0,550.0,12.790697674418604,1585.0,60.0,0.0,275616.0
Uttara Kannada,KARNATAKA,uttarakannada,0.0,0.0,0.0,0.0,0.0,0.0,0.0
Jaunpur,UTTAR PRADESH,jaunpur,47.0,888.0,18.893617021276597,6036.0,23.0,0.0,9756.0
Dakshina Kannada,KARNATAKA,dakshinakannada,75.0,601.0,8.013333333333334,925.0,148.0,50.0,9316.0
Balaghat,MADHYA PRADESH,balaghat,25.0,139.0,5.56,347.0,108.0,0.0,2000.0
Chennai,TAMIL NADU,chennai,58.0,486.0,8.379310344827585,1311.0,203.0,0.0,4536.0
Birbhum,WEST BENGAL,birbhum,28.0,861.0,30.75,3172.0,3.0,0.0,3637.0
Sitamarhi,BIHAR,sitamarhi,60.0,1178.0,19.633333333333333,5277.0,8.0,0.0,1005.0
Chandrapur,MAHARASHTRA,chandrapur,64.0,291.0,4.546875,1154.0,134.0,0.0,5980.0
Tiruchirappalli,TAMIL NADU,tiruchirappalli,29.0,160.0,5.517241379310345,982.0,235.0,0.0,4122.0
Golaghat,ASSAM,golaghat,132.0,1170.0,8.863636363636363,2184.0,67.0,0.0,10374750.0
Aligarh,UTTAR PRADESH,aligarh,30.0,724.0,24.133333333333333,3420.0,45.0,0.0,4572.0
Darrang,ASSAM,darrang,157.0,1458.0,9.286624203821656,2677.0,61.0,2.0,10369265.0
Sindhudurg,MAHARASHTRA,sindhudurg,54.0,194.0,3.5925925925925926,1331.0,236.0,8.0,17705.0
Bareilly,UTTAR PRADESH,bareilly,43.0,781.0,18.162790697674417,4204.0,31.0,0.0,4857.0
Jalaun,UTTAR PRADESH,jalaun,33.0,718.0,21.757575757575758,4319.0,67.0,0.0,3958.0
Solapur,MAHARASHTRA,solapur,37.0,122.0,3.2972972972972974,634.0,69.0,8.0,2593.0
Bikaner,RAJASTHAN,bikaner,36.0,511.0,14.194444444444445,569.0,106.0,0.0,6324.0
Munger,BIHAR,munger,51.0,1086.0,21.294117647058822,4388.0,12.0,0.0,7159.0
Muzaffarnagar,UTTAR PRADESH,muzaffarnagar,42.0,873.0,20.785714285714285,5596.0,59.0,0.0,13053.0
Ghazipur,UTTAR PRADESH,ghazipur,1.0,7.0,7.0,145.0,0.0,0.0,0.0
Dhubri,ASSAM,dhubri,123.0,1446.0,11.75609756097561,2634.0,60.0,1.0,10024826.0
West Godavari,ANDHRA PRADESH,westgodavari,40.0,318.0,7.95,1976.0,6.0,0.0,95181.0
Barmer,RAJASTHAN,barmer,24.0,491.0,20.458333333333332,858.0,18.0,0.0,80686.0
Mathura,UTTAR PRADESH,mathura,36.0,820.0,22.77777777777778,5356.0,47.0,0.0,10173.0
Purnia,BIHAR,purnia,51.0,1073.0,21.03921568627451,5060.0,0.0,0.0,3021.0
Dehradun,UTTARAKHAND,dehradun,31.0,177.0,5.709677419354839,2548.0,43.0,14.0,5731.0
Nawada,BIHAR,nawada,38.0,938.0,24.68421052631579,4216.0,47.0,0.0,1755.0
Bid,MAHARASHTRA,bid,0.0,0.0,0.0,0.0,0.0,0.0,0.0
Amritsar,PUNJAB,amritsar,49.0,328.0,6.6938775510204085,1085.0,33.0,0.0,7117.0
Balrampur,UTTAR PRADESH,balrampur,37.0,726.0,19.62162162162162,3352.0,69.0,0.0,4042.0
Kalaburagi,KARNATAKA,kalaburagi,53.0,401.0,7.566037735849057,1418.0,93.0,0.0,11928.0
Hardoi,UTTAR PRADESH,hardoi,46.0,727.0,15.804347826086957,3664.0,19.0,0.0,3964.0
Dakshin Dinajpur,WEST BENGAL,dakshindinajpur,39.0,914.0,23.435897435897434,2403.0,8.0,0.0,1691.0
Unnao,UTTAR PRADESH,unnao,45.0,792.0,17.6,4959.0,28.0,0.0,9756.0
Jalgaon,MAHARASHTRA,jalgaon,47.0,142.0,3.021276595744681,694.0,75.0,0.0,2602.0
Moradabad,UTTAR PRADESH,moradabad,37.0,799.0,21.594594594594593,5906.0,7.0,0.0,10046.0
Nalanda,BIHAR,nalanda,44.0,1021.0,23.204545454545453,4345.0,4.0,0.0,755.0
Bulandshahr,UTTAR PRADESH,bulandshahr,33.0,808.0,24.484848484848484,5087.0,23.0,0.0,12807.0
Mandi,HIMACHAL PRADESH,mandi,89.0,379.0,4.258426966292135,812.0,62.0,4.0,18325.0
Araria,BIHAR,araria,43.0,986.0,22.930232558139537,4951.0,0.0,0.0,755.0
Wayanad,KERALA,wayanad,149.0,591.0,3.966442953020134,1182.0,459.0,50.0,860729.0
Jalandhar,PUNJAB,jalandhar,46.0,284.0,6.173913043478261,675.0,46.0,0.0,499.0
Kasaragod,KERALA,kasaragod,67.0,397.0,5.925373134328358,1086.0,327.0,49.0,847210.0
Budaun,UTTAR PRADESH,budaun,35.0,783.0,22.37142857142857,4872.0,25.0,0.0,9646.0
Firozabad,UTTAR PRADESH,firozabad,33.0,707.0,21.424242424242426,3658.0,62.0,0.0,3972.0
Mirzapur,UTTAR PRADESH,mirzapur,47.0,964.0,20.51063829787234,6029.0,0.0,0.0,10150.0
Banda,UTTAR PRADESH,banda,34.0,731.0,21.5,3468.0,44.0,0.0,3958.0
Kanpur Dehat,UTTAR PRADESH,kanpurdehat,0.0,0.0,0.0,0.0,0.0,0.0,0.0
Sultanpur,UTTAR PRADESH,sultanpur,46.0,903.0,19.630434782608695,5769.0,2.0,0.0,10162.0
Gaya,BIHAR,gaya,42.0,948.0,22.571428571428573,4288.0,0.0,0.0,790.0
Kanpur Nagar,UTTAR PRADESH,kanpurnagar,6.0,12.0,2.0,42.0,49.0,0.0,48.0
Alwar,RAJASTHAN,alwar,38.0,530.0,13.947368421052632,623.0,53.0,0.0,890.0
Gadchiroli,MAHARASHTRA,gadchiroli,58.0,227.0,3.913793103448276,829.0,85.0,0.0,2838.0
Vadodara,GUJARAT,vadodara,37.0,498.0,13.45945945945946,1308.0,24.0,2.0,8783.0
Pathanamthitta,KERALA,pathanamthitta,75.0,420.0,5.6,1158.0,297.0,11.0,857210.0
Pali,RAJASTHAN,pali,31.0,546.0,17.612903225806452,1535.0,43.0,0.0,275586.0
Vizianagaram,ANDHRA PRADESH,vizianagaram,17.0,158.0,9.294117647058824,616.0,429.0,0.0,47002.0
Kolkata,WEST BENGAL,kolkata,73.0,249.0,3.410958904109589,1827.0,105.0,0.0,3065.0
Krishna,ANDHRA PRADESH,krishna,38.0,316.0,8.31578947368421,1869.0,9.0,0.0,100249.0
Siwan,BIHAR,siwan,45.0,1029.0,22.866666666666667,4833.0,0.0,0.0,1040.0
Jalor,RAJASTHAN,jalor,0.0,0.0,0.0,0.0,0.0,0.0,0.0
Wardha,MAHARASHTRA,wardha,70.0,320.0,4.571428571428571,1013.0,131.0,0.0,6007.0
Morigaon,ASSAM,morigaon,0.0,0.0,0.0,0.0,0.0,0.0,0.0
Fatehpur,UTTAR PRADESH,fatehpur,48.0,826.0,17.208333333333332,5335.0,20.0,0.0,9661.0
Tonk,RAJASTHAN,tonk,25.0,517.0,20.68,1223.0,1038.0,0.0,208781.0
Bundi,RAJASTHAN,bundi,30.0,507.0,16.9,1521.0,46.0,0.0,275300.0
Kangra,HIMACHAL PRADESH,kangra,101.0,409.0,4.0495049504950495,846.0,114.0,5.0,18835.0
Surendranagar,GUJARAT,surendranagar,35.0,470.0,13.428571428571429,1632.0,58.0,0.0,30077.0
Kishanganj,BIHAR,kishanganj,44.0,987.0,22.431818181818183,4856.0,0.0,0.0,755.0
Coimbatore,TAMIL NADU,coimbatore,33.0,167.0,5.0606060606060606,1065.0,234.0,0.0,9093.0
Nashik,MAHARASHTRA,nashik,86.0,234.0,2.7209302325581395,934.0,128.0,4.0,2103.0
Shahjahanpur,UTTAR PRADESH,shahjahanpur,38.0,753.0,19.81578947368421,4129.0,3.0,0.0,3940.0
Bhandara,MAHARASHTRA,bhandara,58.0,275.0,4.741379310344827,831.0,102.0,0.0,5000.0
Kheda,GUJARAT,kheda,26.0,399.0,15.346153846153847,1572.0,41.0,0.0,18906.0
Hailakandi,ASSAM,hailakandi,85.0,786.0,9.24705882352941,1858.0,59.0,0.0,3588733.0
Bhojpur,BIHAR,bhojpur,50.0,1053.0,21.06,4400.0,0.0,0.0,851.0
Prakasam,ANDHRA PRADESH,prakasam,33.0,249.0,7.545454545454546,1624.0,6.0,0.0,77266.0
Dharwad,KARNATAKA,dharwad,56.0,408.0,7.285714285714286,1431.0,140.0,3.0,11637.0
Bengaluru Rural,KARNATAKA,bengalururural,87.0,377.0,4.333333333333333,957.0,295.0,0.0,10169.0
Jhansi,UTTAR PRADESH,jhansi,25.0,684.0,27.36,4025.0,22.0,0.0,3958.0
Amreli,GUJARAT,amreli,39.0,712.0,18.256410256410255,2292.0,95.0,2.0,134730.0
Cuddalore,TAMIL NADU,cuddalore,30.0,134.0,4.466666666666667,838.0,188.0,0.0,3143.0
Bilaspur,CHHATTISGARH,bilaspur,62.0,313.0,5.048387096774194,740.0,26.0,0.0,18566.0
Ajmer,RAJASTHAN,ajmer,41.0,177.0,4.317073170731708,1195.0,73.0,0.0,200130.0
Madurai,TAMIL NADU,madurai,21.0,143.0,6.809523809523809,807.0,208.0,0.0,4096.0
Madhepura,BIHAR,madhepura,45.0,1083.0,24.066666666666666,4915.0,0.0,0.0,2771.0
Akola,MAHARASHTRA,akola,68.0,265.0,3.8970588235294117,855.0,54.0,0.0,2734.0
Gurdaspur,PUNJAB,gurdaspur,45.0,288.0,6.4,1021.0,9.0,0.0,7026.0
Koraput,ODISHA,koraput,45.0,800.0,17.77777777777778,3122.0,8.0,2.0,57327.0
Bhilwara,RAJASTHAN,bhilwara,25.0,506.0,20.24,1027.0,44.0,0.0,200130.0
Banas Kantha,GUJARAT,banaskantha,23.0,413.0,17.956521739130434,1630.0,39.0,2.0,24656.0
Nalbari,ASSAM,nalbari,136.0,1395.0,10.257352941176471,2577.0,49.0,0.0,10114656.0
Kinnaur,HIMACHAL PRADESH,kinnaur,59.0,306.0,5.186440677966102,935.0,104.0,0.0,18064.0
Valsad,GUJARAT,valsad,38.0,631.0,16.605263157894736,1753.0,40.0,2.0,25676.0
Ramanathapuram,TAMIL NADU,ramanathapuram,15.0,107.0,7.133333333333334,803.0,208.0,0.0,2808.0
Nagapattinam,TAMIL NADU,nagapattinam,27.0,165.0,6.111111111111111,884.0,157.0,0.0,3170.0
Mysuru,KARNATAKA,mysuru,51.0,397.0,7.784313725490196,866.0,59.0,50.0,14404.0
Viluppuram,TAMIL NADU,viluppuram,25.0,143.0,5.72,879.0,188.0,0.0,6155.0
Churu,RAJASTHAN,churu,20.0,500.0,25.0,553.0,85.0,0.0,1018.0
Kannauj,UTTAR PRADESH,kannauj,33.0,687.0,20.818181818181817,3294.0,30.0,0.0,3949.0
Bangalore,KARNATAKA,bangalore,0.0,0.0,0.0,0.0,0.0,0.0,0.0
Sangli,MAHARASHTRA,sangli,32.0,123.0,3.84375,1405.0,25.0,4.0,29390.0
Bijapur,CHHATTISGARH,bijapur,36.0,314.0,8.722222222222221,716.0,81.0,0.0,4027.0
Rohtas,BIHAR,rohtas,33.0,944.0,28.606060606060606,4129.0,0.0,0.0,755.0
Mainpuri,UTTAR PRADESH,mainpuri,34.0,815.0,23.970588235294116,5496.0,23.0,0.0,10159.0
Amethi,UTTAR PRADESH,amethi,33.0,698.0,21.151515151515152,3365.0,54.0,0.0,4032.0
Pilibhit,UTTAR PRADESH,pilibhit,35.0,807.0,23.057142857142857,5357.0,1.0,0.0,10138.0
Aizawl,MIZORAM,aizawl,19.0,37.0,1.9473684210526316,205.0,42.0,11.0,0.0
Karbi Anglong,ASSAM,karbianglong,74.0,906.0,12.243243243243244,1972.0,60.0,1.0,9120407.0
Navsari,GUJARAT,navsari,30.0,620.0,20.666666666666668,1520.0,69.0,0.0,18676.0
Purba Bardhaman,WEST BENGAL,purbabardhaman,10.0,128.0,12.8,436.0,4.0,0.0,212.0
Anantapur,ANDHRA PRADESH,anantapur,0.0,0.0,0.0,0.0,0.0,0.0,0.0
Sri Potti Sriramulu Nell*,ANDHRA PRADESH,sripottisriramulunell,0.0,0.0,0.0,0.0,0.0,0.0,0.0
Ludhiana,PUNJAB,ludhiana,38.0,256.0,6.7368421052631575,941.0,12.0,0.0,6751.0
Srikakulam,ANDHRA PRADESH,srikakulam,22.0,141.0,6.409090909090909,517.0,0.0,0.0,10386.0
Kendrapara,ODISHA,kendrapara,31.0,740.0,23.870967741935484,1972.0,0.0,0.0,56160.0
Bidar,KARNATAKA,bidar,0.0,0.0,0.0,0.0,0.0,0.0,0.0
Kendujhar,ODISHA,kendujhar,37.0,757.0,21.02777777777778,1868.0,3.0,0.0,56508.0
Banka,BIHAR,banka,35.0,925.0,26.428571428571427,4314.0,0.0,0.0,4471.0
Sambhal,UTTAR PRADESH,sambhal,30.0,700.0,23.333333333333332,3581.0,46.0,0.0,3952.0
West Nimar,MADHYA PRADESH,westnimar,0.0,0.0,0.0,0.0,0.0,0.0,0.0
Ganganagar,RAJASTHAN,ganganagar,24.0,493.0,20.541666666666668,410.0,3.0,0.0,970.0
Punch,JAMMU & KASHMIR,punch,0.0,0.0,0.0,0.0,0.0,0.0,0.0
Sambalpur,ODISHA,sambalpur,36.0,748.0,20.77777777777778,3089.0,0.0,0.0,53665.0
Gautam Buddha Nagar,UTTAR PRADESH,gautambuddhanagar,29.0,724.0,24.96551724137931,3687.0,4.0,0.0,6940.0
South Twenty Four Pargan*,WEST BENGAL,southtwentyfourpargan,0.0,0.0,0.0,0.0,0.0,0.0,0.0
Kasganj,UTTAR PRADESH,kasganj,27.0,696.0,25.77777777777778,3601.0,43.0,0.0,3952.0
Puri,ODISHA,puri,42.0,920.0,21.904761904761905,3468.0,0.0,0.0,86282.0
Mumbai,MAHARASHTRA,mumbai,173.0,486.0,2.8092485549132946,3096.0,799.0,0.0,19664.0
Jaisalmer,RAJASTHAN,jaisalmer,19.0,127.0,6.684210526315789,887.0,52.0,0.0,80228.0
Gadag,KARNATAKA,gadag,40.0,391.0,9.775,1295.0,62.0,0.0,10839.0
Kokrajhar,ASSAM,kokrajhar,74.0,968.0,13.08108108108108,2096.0,49.0,1.0,9729033.0
Baran,RAJASTHAN,baran,27.0,504.0,18.666666666666668,461.0,44.0,1.0,0.0
Sirsa,HARYANA,sirsa,22.0,125.0,5.681818181818182,224.0,27.0,0.0,1900.0
Bijnor,UTTAR PRADESH,bijnor,31.0,735.0,23.70967741935484,3414.0,0.0,0.0,4350.0
Bhadrak,ODISHA,bhadrak,32.0,750.0,23.4375,2035.0,0.0,0.0,56198.0
Mayurbhanj,ODISHA,mayurbhanj,31.0,716.0,23.096774193548388,1768.0,2.0,0.0,56049.0
Buxar,BIHAR,buxar,37.0,923.0,24.945945945945947,4181.0,0.0,0.0,755.0
Bongaigaon,ASSAM,bongaigaon,89.0,1010.0,11.348314606741573,2104.0,49.0,0.0,9984014.0
Baramula,JAMMU & KASHMIR,baramula,0.0,0.0,0.0,0.0,0.0,0.0,0.0
Jalna,MAHARASHTRA,jalna,45.0,229.0,5.088888888888889,2004.0,116.0,0.0,27790.0
Lakhisarai,BIHAR,lakhisarai,36.0,915.0,25.416666666666668,4198.0,0.0,0.0,755.0
Sheohar,BIHAR,sheohar,42.0,969.0,23.071428571428573,4814.0,8.0,0.0,755.0
Farrukhabad,UTTAR PRADESH,farrukhabad,39.0,816.0,20.923076923076923,5476.0,0.0,0.0,10169.0
Belagavi,KARNATAKA,belagavi,65.0,460.0,7.076923076923077,1485.0,120.0,3.0,11656.0
Kaimur (bhabua),BIHAR,kaimurbhabua,34.0,903.0,26.558823529411764,4165.0,0.0,0.0,755.0
Chittoor,ANDHRA PRADESH,chittoor,19.0,159.0,8.368421052631579,953.0,0.0,0.0,69206.0
Amroha,UTTAR PRADESH,amroha,29.0,704.0,24.275862068965516,3605.0,22.0,0.0,3940.0
Kalahandi,ODISHA,kalahandi,35.0,783.0,22.37142857142857,2943.0,0.0,2.0,57519.0
Firozpur,PUNJAB,firozpur,0.0,0.0,0.0,0.0,0.0,0.0,0.0
Patan,GUJARAT,patan,20.0,506.0,25.3,1238.0,40.0,0.0,17876.0
Chamba,HIMACHAL PRADESH,chamba,74.0,334.0,4.513513513513513,751.0,40.0,0.0,18408.0
Ghaziabad,UTTAR PRADESH,ghaziabad,32.0,763.0,23.84375,3777.0,33.0,0.0,7361.0
Bhavnagar,GUJARAT,bhavnagar,39.0,560.0,14.35897435897436,2071.0,49.0,0.0,118186.0
Salem,TAMIL NADU,salem,16.0,103.0,6.4375,909.0,179.0,0.0,4026.0
Etah,UTTAR PRADESH,etah,34.0,781.0,22.970588235294116,5330.0,5.0,0.0,9650.0
Tiruvannamalai,TAMIL NADU,tiruvannamalai,25.0,137.0,5.48,854.0,189.0,0.0,4316.0
Mahesana,GUJARAT,mahesana,21.0,551.0,26.238095238095237,1382.0,43.0,0.0,17890.0
Baksa,ASSAM,baksa,139.0,797.0,5.733812949640288,1704.0,49.0,4.0,7875618.0
Haveri,KARNATAKA,haveri,27.0,342.0,12.666666666666666,1207.0,44.0,3.0,9388.0
Jehanabad,BIHAR,jehanabad,33.0,902.0,27.333333333333332,4175.0,0.0,0.0,755.0
Hisar,HARYANA,hisar,21.0,168.0,8.0,367.0,21.0,0.0,725.0
Dhenkanal,ODISHA,dhenkanal,28.0,783.0,29.0,2883.0,0.0,0.0,56653.0
Idukki,KERALA,idukki,116.0,517.0,4.456896551724138,1458.0,515.0,54.0,847209.0
Palghar,MAHARASHTRA,palghar,35.0,92.0,2.6285714285714286,592.0,12.0,1.0,2033.0
Sirmaur,HIMACHAL PRADESH,sirmaur,63.0,312.0,4.9523809523809526,660.0,61.0,0.0,18567.0
Yadgir,KARNATAKA,yadgir,23.0,301.0,13.08695652173913,1204.0,44.0,0.0,9189.0
Raisen,MADHYA PRADESH,raisen,18.0,91.0,5.055555555555555,277.0,13.0,0.0,2654.0
Uttar Dinajpur,WEST BENGAL,uttardinajpur,0.0,0.0,0.0,0.0,0.0,0.0,0.0
Buldana,MAHARASHTRA,buldana,0.0,0.0,0.0,0.0,0.0,0.0,0.0
West Tripura,TRIPURA,westtripura,35.0,125.0,3.5714285714285716,154.0,120.0,0.0,0.0
Rewa,MADHYA PRADESH,rewa,21.0,106.0,5.0476190476190474,307.0,25.0,0.0,40000.0
Garhwal,UTTARAKHAND,garhwal,24.0,160.0,6.666666666666667,2081.0,36.0,5.0,6238.0
Anantnag,JAMMU & KASHMIR,anantnag,36.0,146.0,4.055555555555555,1123.0,107.0,40.0,13685.0
Raipur,CHHATTISGARH,raipur,26.0,77.0,2.9615384615384617,106.0,135.0,0.0,42.0
Chandauli,UTTAR PRADESH,chandauli,25.0,689.0,27.56,3283.0,10.0,0.0,4032.0
Anand,GUJARAT,anand,16.0,350.0,21.875,1111.0,36.0,0.0,17656.0
Kandhamal,ODISHA,kandhamal,32.0,821.0,25.65625,2897.0,0.0,2.0,56665.0
Hojai,ASSAM,hojai,77.0,767.0,9.96103896103896,1740.0,49.0,5.0,9261156.0
Kollam,KERALA,kollam,95.0,498.0,5.242105263157895,1304.0,368.0,12.0,847210.0
Sagar,MADHYA PRADESH,sagar,25.0,113.0,4.52,477.0,19.0,0.0,41955.0
Pulwama,JAMMU & KASHMIR,pulwama,32.0,130.0,4.0625,1139.0,85.0,1.0,13850.0
Sant Kabir Nagar,UTTAR PRADESH,santkabirnagar,31.0,706.0,22.774193548387096,3384.0,12.0,0.0,4032.0
Erode,TAMIL NADU,erode,17.0,100.0,5.882352941176471,914.0,181.0,0.0,3948.0
Shrawasti,UTTAR PRADESH,shrawasti,1.0,1.0,1.0,11.0,0.0,0.0,0.0
Jajapur,ODISHA,jajapur,25.0,688.0,27.52,1749.0,0.0,0.0,56198.0
Mandya,KARNATAKA,mandya,30.0,288.0,9.6,763.0,43.0,0.0,13390.0
Auraiya,UTTAR PRADESH,auraiya,29.0,698.0,24.06896551724138,3592.0,15.0,0.0,3961.0
Rampur,UTTAR PRADESH,rampur,32.0,724.0,22.625,3665.0,0.0,0.0,4340.0
Jhalawar,RAJASTHAN,jhalawar,30.0,507.0,16.9,419.0,10.0,0.0,50.0
Arwal,BIHAR,arwal,33.0,902.0,27.333333333333332,4169.0,0.0,0.0,755.0
Kodagu,KARNATAKA,kodagu,61.0,393.0,6.442622950819672,841.0,110.0,53.0,12611.0
Chitradurga,KARNATAKA,chitradurga,34.0,291.0,8.558823529411764,968.0,49.0,0.0,9159.0
Rae Bareli,UTTAR PRADESH,raebareli,35.0,722.0,20.62857142857143,3610.0,33.0,0.0,4423.0
Shivamogga,KARNATAKA,shivamogga,44.0,399.0,9.068181818181818,966.0,79.0,53.0,9561.0
Davanagere,KARNATAKA,davanagere,0.0,0.0,0.0,0.0,0.0,0.0,0.0
Udalguri,ASSAM,udalguri,72.0,754.0,10.472222222222221,1682.0,53.0,3.0,5408937.0
Rupnagar,PUNJAB,rupnagar,41.0,241.0,5.878048780487805,843.0,22.0,0.0,6534.0
Kolar,KARNATAKA,kolar,28.0,226.0,8.071428571428571,819.0,115.0,0.0,12247.0
Kushinagar,UTTAR PRADESH,kushinagar,28.0,704.0,25.142857142857142,3289.0,0.0,0.0,4032.0
Panch Mahals,GUJARAT,panchmahals,25.0,559.0,22.36,1545.0,40.0,2.0,17890.0
Solan,HIMACHAL PRADESH,solan,66.0,326.0,4.9393939393939394,761.0,63.0,2.0,18212.0
Charaideo,ASSAM,charaideo,38.0,697.0,18.342105263157894,1727.0,49.0,0.0,5220302.0
Doda,JAMMU & KASHMIR,doda,33.0,148.0,4.484848484848484,1194.0,52.0,0.0,11310.0
Yavatmal,MAHARASHTRA,yavatmal,73.0,284.0,3.8904109589041096,1545.0,104.0,1.0,20824.0
Chitrakoot,UTTAR PRADESH,chitrakoot,29.0,691.0,23.82758620689655,3234.0,25.0,0.0,3952.0
Upper Siang,ARUNACHAL PRADESH,uppersiang,23.0,98.0,4.260869565217392,370.0,2034.0,2.0,16.0
Jabalpur,MADHYA PRADESH,jabalpur,31.0,148.0,4.933333333333334,536.0,6.0,0.0,3843.0
Koppal,KARNATAKA,koppal,25.0,282.0,11.28,1224.0,54.0,0.0,9215.0
Kaushambi,UTTAR PRADESH,kaushambi,32.0,685.0,21.40625,3211.0,1.0,0.0,3945.0
Dindigul,TAMIL NADU,dindigul,19.0,109.0,5.7368421052631575,784.0,169.0,0.0,4284.0
Hassan,KARNATAKA,hassan,43.0,384.0,8.930232558139535,874.0,112.0,50.0,11570.0
Kapurthala,PUNJAB,kapurthala,40.0,247.0,6.175,1010.0,11.0,0.0,6751.0
Sikar,RAJASTHAN,sikar,21.0,132.0,6.285714285714286,1110.0,39.0,0.0,200890.0
Bathinda,PUNJAB,bathinda,42.0,289.0,6.880952380952381,526.0,24.0,0.0,673.0
Sirohi,RAJASTHAN,sirohi,23.0,497.0,21.608695652173914,869.0,47.0,0.0,75050.0
Ambala,HARYANA,ambala,33.0,166.0,5.03030303030303,206.0,31.0,0.0,567.0
Biswanath,ASSAM,biswanath,87.0,892.0,10.25287356321839,1859.0,49.0,0.0,10723745.0
Ambedkar Nagar,UTTAR PRADESH,ambedkarnagar,32.0,692.0,21.625,3308.0,0.0,0.0,3950.0
Hoshiarpur,PUNJAB,hoshiarpur,41.0,270.0,6.585365853658536,986.0,12.0,0.0,6790.0
Mau,UTTAR PRADESH,mau,29.0,696.0,24.0,3387.0,0.0,0.0,4033.0
Adilabad,TELANGANA,adilabad,25.0,210.0,8.4,1038.0,3.0,0.0,24255.0
Chengalpattu,TAMIL NADU,chengalpattu,13.0,117.0,9.0,706.0,156.0,0.0,2816.0
Chirang,ASSAM,chirang,95.0,891.0,9.378947368421052,1876.0,49.0,1.0,10664861.0
Dhaulpur,RAJASTHAN,dhaulpur,0.0,0.0,0.0,0.0,0.0,0.0,0.0
Gir Somnath,GUJARAT,girsomnath,33.0,653.0,19.78787878787879,1395.0,68.0,0.0,26929.0
Y.S.R.,ANDHRA PRADESH,ysr,22.0,201.0,9.136363636363637,1090.0,9.0,11.0,27653.0
Porbandar,GUJARAT,porbandar,28.0,349.0,12.464285714285714,1042.0,19.0,2.0,10966.0
Badgam,JAMMU & KASHMIR,badgam,0.0,0.0,0.0,0.0,0.0,0.0,0.0
Indore,MADHYA PRADESH,indore,35.0,161.0,4.6,466.0,12.0,0.0,2151.0
Latur,MAHARASHTRA,latur,44.0,170.0,3.8636363636363638,777.0,73.0,0.0,2344.0
Rajouri,JAMMU & KASHMIR,rajouri,33.0,136.0,4.121212121212121,1347.0,80.0,0.0,13832.0
Mahrajganj,UTTAR PRADESH,mahrajganj,26.0,701.0,26.96153846153846,3280.0,0.0,0.0,4032.0
Udhampur,JAMMU & KASHMIR,udhampur,29.0,159.0,5.482758620689655,1230.0,13.0,1.0,11221.0
West Siang,ARUNACHAL PRADESH,westsiang,24.0,173.0,7.208333333333333,382.0,2031.0,0.0,21.0
Sundargarh,ODISHA,sundargarh,23.0,688.0,31.272727272727273,1761.0,0.0,0.0,56049.0
Ranchi,JHARKHAND,ranchi,20.0,95.0,4.75,171.0,11.0,0.0,33.0
Satara,MAHARASHTRA,satara,51.0,165.0,3.235294117647059,1017.0,141.0,12.0,12516.0
The Dangs,GUJARAT,thedangs,1.0,1.0,1.0,7.0,0.0,0.0,0.0
Sangrur,PUNJAB,sangrur,32.0,226.0,7.0625,781.0,12.0,0.0,6515.0
The Nilgiris,TAMIL NADU,thenilgiris,27.0,172.0,6.37037037037037,1150.0,234.0,0.0,3948.0
Nainital,UTTARAKHAND,nainital,18.0,55.0,3.0555555555555554,481.0,28.0,5.0,25.0
Paschim Bardhaman,WEST BENGAL,paschimbardhaman,0.0,0.0,0.0,0.0,0.0,0.0,0.0
Gandhinagar,GUJARAT,gandhinagar,20.0,508.0,25.4,1246.0,40.0,0.0,17876.0
Nayagarh,ODISHA,nayagarh,26.0,717.0,27.576923076923077,1815.0,1.0,0.0,89266.0
Nandurbar,MAHARASHTRA,nandurbar,22.0,84.0,3.8181818181818183,325.0,31.0,0.0,2110.0
Karnal,HARYANA,karnal,24.0,152.0,6.333333333333333,200.0,22.0,0.0,300.0
South Salmara Mancachar,ASSAM,southsalmaramancachar,51.0,667.0,13.07843137254902,1613.0,49.0,0.0,3275593.0
Jamui,BIHAR,jamui,31.0,900.0,29.032258064516128,4110.0,0.0,0.0,755.0
Baghpat,UTTAR PRADESH,baghpat,28.0,736.0,26.285714285714285,3678.0,0.0,0.0,6941.0
Reasi,JAMMU & KASHMIR,reasi,24.0,117.0,4.875,1105.0,86.0,0.0,13721.0
Ujjain,MADHYA PRADESH,ujjain,25.0,106.0,4.24,472.0,13.0,0.0,2150.0
Shamli,UTTAR PRADESH,shamli,27.0,696.0,25.77777777777778,3570.0,22.0,0.0,3958.0
Thiruvarur,TAMIL NADU,thiruvarur,22.0,111.0,5.045454545454546,811.0,157.0,0.0,4195.0
Bhadohi,UTTAR PRADESH,bhadohi,23.0,683.0,29.695652173913043,3273.0,0.0,0.0,4032.0
Ganderbal,JAMMU & KASHMIR,ganderbal,23.0,131.0,5.695652173913044,1103.0,91.0,1.0,13725.0
Chhindwara,MADHYA PRADESH,chhindwara,31.0,144.0,4.645161290322581,339.0,15.0,0.0,2000.0
Sheikhpura,BIHAR,sheikhpura,32.0,903.0,28.21875,4116.0,0.0,0.0,755.0
Hapur,UTTAR PRADESH,hapur,26.0,721.0,27.73076923076923,3701.0,23.0,0.0,6940.0
Morena,MADHYA PRADESH,morena,18.0,95.0,5.277777777777778,292.0,0.0,0.0,2045.0
Sabar Kantha,GUJARAT,sabarkantha,28.0,456.0,16.285714285714285,1310.0,15.0,0.0,1799.0
East Siang,ARUNACHAL PRADESH,eastsiang,23.0,134.0,5.826086956521739,350.0,2031.0,2.0,16.0
Tehri Garhwal,UTTARAKHAND,tehrigarhwal,26.0,55.0,2.1153846153846154,343.0,30.0,2.0,530.0
Chikkamagaluru,KARNATAKA,chikkamagaluru,22.0,144.0,6.545454545454546,646.0,58.0,50.0,9830.0
Krishnagiri,TAMIL NADU,krishnagiri,18.0,113.0,6.277777777777778,747.0,156.0,0.0,9188.0
Nagaur,RAJASTHAN,nagaur,20.0,477.0,23.85,453.0,0.0,0.0,586.0
Vellore,TAMIL NADU,vellore,18.0,114.0,6.333333333333333,602.0,201.0,0.0,2738.0
Puruliya,WEST BENGAL,puruliya,0.0,0.0,0.0,0.0,0.0,0.0,0.0
Dhule,MAHARASHTRA,dhule,25.0,96.0,3.84,697.0,34.0,0.0,2553.0
Pudukkottai,TAMIL NADU,pudukkottai,18.0,112.0,6.222222222222222,752.0,156.0,0.0,3028.0
Virudhunagar,TAMIL NADU,virudhunagar,14.0,91.0,6.5,697.0,158.0,0.0,3948.0
Vidisha,MADHYA PRADESH,vidisha,25.0,106.0,4.24,317.0,13.0,0.0,2754.0
Khammam,TELANGANA,khammam,42.0,299.0,7.119047619047619,1429.0,4.0,1.0,32073.0
Bhiwani,HARYANA,bhiwani,20.0,103.0,5.15,237.0,33.0,0.0,0.0
Jamnagar,GUJARAT,jamnagar,32.0,650.0,20.3125,2184.0,74.0,0.0,134729.0
Kishtwar,JAMMU & KASHMIR,kishtwar,24.0,117.0,4.875,917.0,54.0,19.0,11185.0
Khordha,ODISHA,khordha,29.0,723.0,24.93103448275862,1982.0,0.0,0.0,56198.0
Papum Pare,ARUNACHAL PRADESH,papumpare,29.0,108.0,3.7241379310344827,395.0,39.0,4.0,16.0
West Karbi Anglong,ASSAM,westkarbianglong,24.0,614.0,25.583333333333332,1497.0,49.0,0.0,200101.0
Dima Hasao,ASSAM,dimahasao,80.0,614.0,7.675,1493.0,49.0,0.0,164974.0
Rayagada,ODISHA,rayagada,21.0,657.0,31.285714285714285,1704.0,0.0,0.0,24072.0
Ahmadnagar,MAHARASHTRA,ahmadnagar,0.0,0.0,0.0,0.0,0.0,0.0,0.0
Guna,MADHYA PRADESH,guna,19.0,105.0,5.526315789473684,442.0,6.0,0.0,2700.0
East District,SIKKIM,east,19.0,110.0,5.7894736842105265,456.0,56.0,0.0,4258.0
Jind,HARYANA,jind,25.0,162.0,6.48,224.0,36.0,0.0,300.0
Majuli,ASSAM,majuli,75.0,817.0,10.893333333333333,1834.0,49.0,0.0,10138015.0
Rohtak,HARYANA,rohtak,21.0,151.0,7.190476190476191,344.0,31.0,0.0,725.0
Hoshangabad,MADHYA PRADESH,hoshangabad,0.0,0.0,0.0,0.0,0.0,0.0,0.0
Thiruvallur,TAMIL NADU,thiruvallur,20.0,115.0,5.75,801.0,161.0,0.0,3998.0
Balangir,ODISHA,balangir,20.0,648.0,32.4,1654.0,1.0,0.0,22756.0
Leh,LADAKH,leh,0.0,0.0,0.0,0.0,0.0,0.0,0.0
Narmada,GUJARAT,narmada,25.0,277.0,11.08,1010.0,11.0,2.0,1913.0
Sehore,MADHYA PRADESH,sehore,23.0,119.0,5.173913043478261,455.0,8.0,0.0,2654.0
Morbi,GUJARAT,morbi,25.0,525.0,21.0,1252.0,47.0,0.0,26929.0
Bargarh,ODISHA,bargarh,32.0,748.0,24.129032258064516,2899.0,0.0,0.0,86958.0
Hathras,UTTAR PRADESH,hathras,26.0,696.0,26.76923076923077,3576.0,0.0,0.0,3940.0
Dewas,MADHYA PRADESH,dewas,16.0,83.0,5.1875,210.0,19.0,0.0,2150.0
Banswara,RAJASTHAN,banswara,28.0,481.0,17.178571428571427,834.0,48.0,0.0,75300.0
Aravalli,GUJARAT,aravalli,0.0,0.0,0.0,0.0,0.0,0.0,0.0
Warangal Rural,TELANGANA,warangalrural,0.0,0.0,0.0,0.0,0.0,0.0,0.0
Betul,MADHYA PRADESH,betul,23.0,136.0,5.913043478260869,287.0,9.0,0.0,40150.0
Kancheepuram,TAMIL NADU,kancheepuram,15.0,94.0,6.266666666666667,646.0,161.0,0.0,2978.0
Kaithal,HARYANA,kaithal,14.0,84.0,6.0,237.0,21.0,0.0,0.0
Kathua,JAMMU & KASHMIR,kathua,29.0,126.0,4.344827586206897,1190.0,45.0,0.0,11221.0
North Tripura,TRIPURA,northtripura,29.0,117.0,4.0344827586206895,181.0,10.0,0.0,0.0
Chikkaballapura,KARNATAKA,chikkaballapura,36.0,238.0,6.611111111111111,658.0,60.0,3.0,7992.0
Botad,GUJARAT,botad,26.0,434.0,16.692307692307693,1011.0,22.0,2.0,10386.0
Kallakurichi,TAMIL NADU,kallakurichi,10.0,96.0,9.6,596.0,156.0,0.0,2738.0
Tawang,ARUNACHAL PRADESH,tawang,32.0,192.0,6.0,426.0,43.0,2.0,21.0
Udaipur,RAJASTHAN,udaipur,37.0,504.0,13.621621621621621,897.0,18.0,0.0,76036.0
Tiruppur,TAMIL NADU,tiruppur,13.0,92.0,7.076923076923077,688.0,157.0,0.0,3985.0
Sonipat,HARYANA,sonipat,29.0,173.0,5.9655172413793105,170.0,20.0,0.0,0.0
Karur,TAMIL NADU,karur,13.0,90.0,6.923076923076923,702.0,156.0,0.0,3948.0
Bastar,CHHATTISGARH,bastar,10.0,40.0,4.0,40.0,41.0,0.0,0.0
Medak,TELANGANA,medak,19.0,265.0,13.947368421052632,343.0,12.0,0.0,7379.0
Gondiya,MAHARASHTRA,gondiya,0.0,0.0,0.0,0.0,0.0,0.0,0.0
Sivaganga,TAMIL NADU,sivaganga,8.0,78.0,9.75,575.0,156.0,0.0,2810.0
Dausa,RAJASTHAN,dausa,15.0,453.0,30.2,379.0,39.0,0.0,0.0
Yamunanagar,HARYANA,yamunanagar,25.0,117.0,4.68,75.0,19.0,0.0,1600.0
Mahisagar,GUJARAT,mahisagar,14.0,346.0,24.714285714285715,1068.0,36.0,2.0,17656.0
Namakkal,TAMIL NADU,namakkal,13.0,98.0,7.538461538461538,732.0,156.0,0.0,3998.0
Nizamabad,TELANGANA,nizamabad,28.0,237.0,8.464285714285714,833.0,9.0,2.0,26814.0
Warangal Urban,TELANGANA,warangalurban,0.0,0.0,0.0,0.0,0.0,0.0,0.0
Baudh,ODISHA,baudh,0.0,0.0,0.0,0.0,0.0,0.0,0.0
Ramban,JAMMU & KASHMIR,ramban,26.0,119.0,4.576923076923077,912.0,38.0,0.0,11191.0
Bhind,MADHYA PRADESH,bhind,16.0,96.0,6.0,233.0,0.0,0.0,2050.0
Rajnandgaon,CHHATTISGARH,rajnandgaon,13.0,27.0,2.076923076923077,78.0,25.0,0.0,42.0
Subarnapur,ODISHA,subarnapur,20.0,663.0,33.15,1691.0,0.0,0.0,56011.0
Tapi,GUJARAT,tapi,26.0,477.0,18.346153846153847,1038.0,36.0,0.0,1333.0
Ariyalur,TAMIL NADU,ariyalur,14.0,96.0,6.857142857142857,697.0,156.0,0.0,4018.0
Gwalior,MADHYA PRADESH,gwalior,21.0,114.0,5.428571428571429,332.0,22.0,0.0,2035.0
Bandipore,JAMMU & KASHMIR,bandipore,0.0,0.0,0.0,0.0,0.0,0.0,0.0
Faridabad,HARYANA,faridabad,19.0,127.0,6.684210526315789,91.0,11.0,0.0,17.0
Ramanagara,KARNATAKA,ramanagara,14.0,235.0,16.785714285714285,617.0,34.0,0.0,9151.0
Sonbhadra,UTTAR PRADESH,sonbhadra,29.0,690.0,23.79310344827586,3309.0,0.0,0.0,4060.0
Palamu,JHARKHAND,palamu,9.0,70.0,7.777777777777778,137.0,5.0,0.0,86.0
Nuapada,ODISHA,nuapada,19.0,648.0,34.10526315789474,1662.0,0.0,0.0,22794.0
Udupi,KARNATAKA,udupi,39.0,403.0,10.333333333333334,968.0,76.0,50.0,9310.0
Mansa,PUNJAB,mansa,29.0,154.0,5.310344827586207,752.0,6.0,0.0,6293.0
West Kameng,ARUNACHAL PRADESH,westkameng,83.0,355.0,4.27710843373494,1078.0,119.0,6.0,1072.0
Tumakuru,KARNATAKA,tumakuru,36.0,341.0,9.472222222222221,792.0,89.0,0.0,11247.0
Chamarajanagara,KARNATAKA,chamarajanagara,1.0,1.0,1.0,1.0,0.0,0.0,0.0
Dharmapuri,TAMIL NADU,dharmapuri,15.0,94.0,6.266666666666667,747.0,156.0,0.0,4033.0
Rajgarh,MADHYA PRADESH,rajgarh,20.0,96.0,4.8,340.0,11.0,0.0,2000.0
Damoh,MADHYA PRADESH,damoh,19.0,111.0,6.166666666666667,270.0,0.0,0.0,40000.0
Mahoba,UTTAR PRADESH,mahoba,26.0,679.0,26.115384615384617,3170.0,10.0,0.0,3956.0
Kupwara,JAMMU & KASHMIR,kupwara,23.0,117.0,5.086956521739131,896.0,8.0,0.0,11185.0
East Khasi Hills,MEGHALAYA,eastkhasihills,16.0,37.0,2.3125,70.0,12.0,4.0,20.0
Mumbai Suburban,MAHARASHTRA,mumbaisuburban,27.0,80.0,2.962962962962963,689.0,137.0,0.0,2003.0
Hanumangarh,RAJASTHAN,hanumangarh,12.0,87.0,7.25,335.0,1.0,0.0,0.0
Srinagar,JAMMU & KASHMIR,srinagar,26.0,147.0,5.653846153846154,1137.0,68.0,1.0,13736.0
Anugul,ODISHA,anugul,25.0,687.0,28.625,1847.0,0.0,0.0,56011.0
Udham Singh Nagar,UTTARAKHAND,udhamsinghnagar,0.0,0.0,0.0,0.0,0.0,0.0,0.0
Karauli,RAJASTHAN,karauli,13.0,455.0,35.0,274.0,3.0,0.0,0.0
Burhanpur,MADHYA PRADESH,burhanpur,19.0,112.0,5.894736842105263,202.0,31.0,0.0,2075.0
Perambalur,TAMIL NADU,perambalur,15.0,113.0,7.533333333333333,756.0,156.0,0.0,3998.0
Devbhumi Dwarka,GUJARAT,devbhumidwarka,1.0,120.0,120.0,81.0,4.0,0.0,220.0
Gajapati,ODISHA,gajapati,23.0,659.0,28.652173913043477,1653.0,0.0,0.0,22756.0
Noney,MANIPUR,noney,5.0,29.0,5.8,56.0,18.0,5.0,0.0
Fazilka,PUNJAB,fazilka,24.0,165.0,6.875,438.0,6.0,0.0,14.0
Kurukshetra,HARYANA,kurukshetra,21.0,138.0,6.571428571428571,158.0,8.0,0.0,0.0
Jhunjhunun,RAJASTHAN,jhunjhunun,1.0,30.0,30.0,0.0,0.0,0.0,0.0
Purbi Singhbhum,JHARKHAND,purbisinghbhum,0.0,0.0,0.0,0.0,0.0,0.0,0.0
Ranipet,TAMIL NADU,ranipet,8.0,78.0,9.75,575.0,156.0,0.0,2738.0
Fatehabad,HARYANA,fatehabad,15.0,83.0,5.533333333333333,55.0,14.0,0.0,1600.0
Faridkot,PUNJAB,faridkot,31.0,168.0,5.419354838709677,437.0,7.0,0.0,39.0
Nalgonda,TELANGANA,nalgonda,20.0,166.0,8.3,715.0,19.0,0.0,14791.0
Tirupathur,TAMIL NADU,tirupathur,7.0,77.0,11.0,575.0,156.0,0.0,2738.0
North,DELHI,north,19.0,63.0,3.3157894736842106,85.0,44.0,0.0,129.0
Dohad,GUJARAT,dohad,0.0,0.0,0.0,0.0,0.0,0.0,0.0
Bageshwar,UTTARAKHAND,bageshwar,12.0,22.0,1.8333333333333333,215.0,28.0,5.0,25.0
Chhatarpur,MADHYA PRADESH,chhatarpur,17.0,109.0,6.411764705882353,232.0,0.0,0.0,45000.0
Karimnagar,TELANGANA,karimnagar,29.0,211.0,7.275862068965517,1057.0,15.0,0.0,38423.0
Tenkasi,TAMIL NADU,tenkasi,7.0,77.0,11.0,575.0,156.0,0.0,2738.0
Mahabubnagar,TELANGANA,mahabubnagar,22.0,120.0,5.454545454545454,407.0,6.0,0.0,6531.0
Ratlam,MADHYA PRADESH,ratlam,15.0,85.0,5.666666666666667,339.0,1.0,0.0,2000.0
Bagalkote,KARNATAKA,bagalkote,3.0,3.0,1.0,6.0,8.0,0.0,0.0
Seoni,MADHYA PRADESH,seoni,22.0,119.0,5.666666666666667,247.0,0.0,0.0,2000.0
Jharsuguda,ODISHA,jharsuguda,21.0,657.0,31.285714285714285,1815.0,0.0,0.0,53660.0
Dungarpur,RAJASTHAN,dungarpur,15.0,449.0,29.933333333333334,332.0,39.0,0.0,0.0
Alipurduar,WEST BENGAL,alipurduar,0.0,0.0,0.0,0.0,0.0,0.0,0.0
Hardwar,UTTARAKHAND,hardwar,0.0,0.0,0.0,0.0,0.0,0.0,0.0
Osmanabad,MAHARASHTRA,osmanabad,0.0,0.0,0.0,0.0,0.0,0.0,0.0
Champawat,UTTARAKHAND,champawat,8.0,17.0,2.125,198.0,29.0,5.0,25.0
Narsimhapur,MADHYA PRADESH,narsimhapur,13.0,90.0,7.5,241.0,0.0,0.0,2654.0
Jagatsinghapur,ODISHA,jagatsinghapur,22.0,688.0,31.272727272727273,1873.0,0.0,0.0,56160.0
Mahasamund,CHHATTISGARH,mahasamund,4.0,17.0,4.25,20.0,115.0,0.0,0.0
Moga,PUNJAB,moga,28.0,176.0,6.285714285714286,443.0,12.0,0.0,14.0
West Khasi Hills,MEGHALAYA,westkhasihills,11.0,30.0,2.727272727272727,63.0,8.0,1.0,20.0
Panipat,HARYANA,panipat,20.0,116.0,5.8,143.0,8.0,0.0,1850.0
Lalitpur,UTTAR PRADESH,lalitpur,27.0,685.0,25.37037037037037,3177.0,23.0,0.0,3964.0
Vijayapura,KARNATAKA,vijayapura,14.0,105.0,7.5,857.0,35.0,0.0,7562.0
Dhar,MADHYA PRADESH,dhar,22.0,111.0,5.285714285714286,266.0,0.0,0.0,2000.0
Malkangiri,ODISHA,malkangiri,23.0,674.0,29.304347826086957,1710.0,0.0,0.0,57327.0
Unokoti,TRIPURA,unokoti,0.0,0.0,0.0,0.0,0.0,0.0,0.0
Una,HIMACHAL PRADESH,una,52.0,287.0,5.519230769230769,650.0,24.0,5.0,18030.0
Fatehgarh Sahib,PUNJAB,fatehgarhsahib,28.0,148.0,5.285714285714286,728.0,8.0,0.0,6293.0
Barwani,MADHYA PRADESH,barwani,16.0,100.0,6.666666666666667,179.0,22.0,1.0,2003.0
West Garo Hills,MEGHALAYA,westgarohills,18.0,54.0,3.0,120.0,1.0,0.0,20.0
Thoothukkudi,TAMIL NADU,thoothukkudi,20.0,120.0,6.0,835.0,156.0,0.0,4316.0
Kamrup Metropolitan,ASSAM,kamrupmetropolitan,0.0,0.0,0.0,0.0,0.0,0.0,0.0
Rajsamand,RAJASTHAN,rajsamand,14.0,444.0,31.714285714285715,317.0,0.0,0.0,0.0
South West,DELHI,southwest,16.0,48.0,3.0,51.0,39.0,0.0,25.0
Hingoli,MAHARASHTRA,hingoli,32.0,141.0,4.40625,1047.0,80.0,0.0,12103.0
Tarn Taran,PUNJAB,tarntaran,24.0,160.0,6.666666666666667,416.0,6.0,0.0,14.0
Harda,MADHYA PRADESH,harda,15.0,89.0,5.933333333333334,194.0,8.0,0.0,2075.0
West District,SIKKIM,west,16.0,42.0,2.625,18.0,41.0,0.0,25.0
Theni,TAMIL NADU,theni,14.0,116.0,8.285714285714286,708.0,159.0,0.0,3998.0
Sri Muktsar Sahib,PUNJAB,srimuktsarsahib,1.0,1.0,1.0,0.0,0.0,0.0,0.0
Gomati,TRIPURA,gomati,19.0,84.0,4.421052631578948,83.0,10.0,0.0,0.0
Chota Udaipur,GUJARAT,chotaudaipur,14.0,225.0,16.071428571428573,785.0,11.0,0.0,1113.0
Mandla,MADHYA PRADESH,mandla,15.0,109.0,7.785714285714286,223.0,0.0,0.0,2000.0
Shupiyan,JAMMU & KASHMIR,shupiyan,0.0,0.0,0.0,0.0,0.0,0.0,0.0
North Goa,GOA,northgoa,18.0,67.0,3.7222222222222223,9.0,8.0,0.0,0.0
South Goa,GOA,southgoa,18.0,284.0,15.777777777777779,4.0,8.0,0.0,0.0
Kargil,LADAKH,kargil,8.0,8.0,1.0,63.0,1.0,0.0,0.0
Bhopal,MADHYA PRADESH,bhopal,44.0,158.0,3.590909090909091,510.0,29.0,0.0,41853.0
Shivpuri,MADHYA PRADESH,shivpuri,14.0,90.0,6.428571428571429,229.0,0.0,0.0,2000.0
Panchkula,HARYANA,panchkula,25.0,105.0,4.2,82.0,18.0,0.0,0.0
Mulugu,TELANGANA,mulugu,5.0,40.0,8.0,60.0,0.0,0.0,300.0
Jayashankar,TELANGANA,jayashankar,0.0,0.0,0.0,0.0,0.0,0.0,0.0
Shahid Bhagat Singh Nagar,PUNJAB,shahidbhagatsinghnagar,22.0,128.0,5.818181818181818,405.0,6.0,0.0,0.0
South Tripura,TRIPURA,southtripura,25.0,101.0,4.04,88.0,12.0,0.0,0.0
Gurugram,HARYANA,gurugram,16.0,106.0,6.625,72.0,8.0,0.0,0.0
Mandsaur,MADHYA PRADESH,mandsaur,19.0,98.0,5.157894736842105,410.0,3.0,0.0,2000.0
Ribhoi,MEGHALAYA,ribhoi,11.0,30.0,2.727272727272727,58.0,2.0,1.0,23.0
Lohit,ARUNACHAL PRADESH,lohit,38.0,240.0,6.315789473684211,348.0,31.0,2.0,122.0
South District,SIKKIM,south,15.0,41.0,2.7333333333333334,18.0,39.0,0.0,25.0
Central,DELHI,central,16.0,42.0,2.625,21.0,48.0,0.0,25.0
Kulgam,JAMMU & KASHMIR,kulgam,17.0,110.0,6.470588235294118,1083.0,68.0,0.0,13685.0
Samba,JAMMU & KASHMIR,samba,17.0,105.0,6.176470588235294,890.0,5.0,0.0,11185.0
Kurung Kumey,ARUNACHAL PRADESH,kurungkumey,25.0,110.0,4.4,335.0,33.0,3.0,16.0
Datia,MADHYA PRADESH,datia,12.0,78.0,6.5,197.0,0.0,0.0,2035.0
Panna,MADHYA PRADESH,panna,11.0,75.0,6.818181818181818,200.0,0.0,0.0,40000.0
Giridih,JHARKHAND,giridih,4.0,18.0,4.5,61.0,0.0,0.0,0.0
Thoubal,MANIPUR,thoubal,9.0,41.0,4.555555555555555,15.0,5.0,0.0,200.0
Durg,CHHATTISGARH,durg,13.0,26.0,2.0,78.0,0.0,0.0,1885.0
Katni,MADHYA PRADESH,katni,12.0,78.0,7.090909090909091,247.0,0.0,0.0,40000.0
Kamareddy,TELANGANA,kamareddy,3.0,59.0,19.666666666666668,93.0,9.0,0.0,7033.0
Singrauli,MADHYA PRADESH,singrauli,10.0,79.0,7.9,179.0,0.0,0.0,2000.0
Lunglei,MIZORAM,lunglei,8.0,29.0,3.625,63.0,0.0,0.0,0.0
Lawngtlai,MIZORAM,lawngtlai,7.0,24.0,3.4285714285714284,63.0,2.0,0.0,0.0
Champhai,MIZORAM,champhai,10.0,27.0,2.7,60.0,8.0,0.0,0.0
Changlang,ARUNACHAL PRADESH,changlang,23.0,107.0,4.6521739130434785,322.0,31.0,2.0,16.0
Ashoknagar,MADHYA PRADESH,ashoknagar,13.0,80.0,6.153846153846154,191.0,10.0,0.0,2000.0
Tamenglong,MANIPUR,tamenglong,7.0,33.0,4.714285714285714,17.0,5.0,2.0,0.0
Debagarh,ODISHA,debagarh,0.0,0.0,0.0,0.0,0.0,0.0,0.0
Chatra,JHARKHAND,chatra,8.0,16.0,2.0,47.0,12.0,0.0,22.0
Sheopur,MADHYA PRADESH,sheopur,11.0,80.0,7.2727272727272725,178.0,0.0,0.0,2000.0
Dhalai,TRIPURA,dhalai,23.0,101.0,4.391304347826087,87.0,10.0,0.0,0.0
Godda,JHARKHAND,godda,6.0,29.0,4.833333333333333,105.0,0.0,0.0,2016.0
Upper Subansiri,ARUNACHAL PRADESH,uppersubansiri,0.0,0.0,0.0,0.0,0.0,0.0,0.0
Barnala,PUNJAB,barnala,23.0,158.0,6.869565217391305,416.0,6.0,0.0,14.0
Sahibganj,JHARKHAND,sahibganj,0.0,0.0,0.0,0.0,0.0,0.0,0.0
Gumla,JHARKHAND,gumla,5.0,22.0,4.4,46.0,0.0,0.0,0.0
Garhwa,JHARKHAND,garhwa,7.0,16.0,2.2857142857142856,60.0,0.0,0.0,1.0
Uttar Bastar Kanker,CHHATTISGARH,uttarbastarkanker,0.0,0.0,0.0,0.0,0.0,0.0,0.0
Kra Daadi,ARUNACHAL PRADESH,kradaadi,22.0,103.0,4.681818181818182,325.0,32.0,2.0,16.0
Kanniyakumari,TAMIL NADU,kanniyakumari,4.0,9.0,2.25,110.0,0.0,0.0,1210.0
Lahul & Spiti,HIMACHAL PRADESH,lahulandspiti,40.0,242.0,6.05,622.0,16.0,7.0,17919.0
Khowai,TRIPURA,khowai,20.0,88.0,4.4,83.0,10.0,0.0,0.0
Tikamgarh,MADHYA PRADESH,tikamgarh,13.0,77.0,5.923076923076923,181.0,0.0,0.0,7000.0
Vikarabad,TELANGANA,vikarabad,8.0,72.0,9.0,97.0,9.0,0.0,7033.0
Satna,MADHYA PRADESH,satna,14.0,87.0,6.214285714285714,274.0,0.0,0.0,40000.0
Sipahijala,TRIPURA,sipahijala,0.0,0.0,0.0,0.0,0.0,0.0,0.0
Narayanpet,TELANGANA,narayanpet,7.0,38.0,5.428571428571429,54.0,0.0,0.0,300.0
Pathankot,PUNJAB,pathankot,24.0,160.0,6.666666666666667,416.0,6.0,0.0,14.0
South Garo Hills,MEGHALAYA,southgarohills,7.0,24.0,3.4285714285714284,103.0,0.0,0.0,0.0
Shajapur,MADHYA PRADESH,shajapur,13.0,78.0,6.0,179.0,0.0,0.0,2000.0
Dindori,MADHYA PRADESH,dindori,13.0,91.0,7.583333333333333,159.0,0.0,0.0,2000.0
Janjgir - Champa,CHHATTISGARH,janjgirchampa,5.0,11.0,2.2,13.0,6.0,0.0,0.0
Medchal Malkajgiri,TELANGANA,medchalmalkajgiri,4.0,61.0,15.25,93.0,9.0,0.0,7033.0
Surguja,CHHATTISGARH,surguja,6.0,8.0,1.3333333333333333,38.0,2.0,0.0,55.0
Lower Subansiri,ARUNACHAL PRADESH,lowersubansiri,1.0,1.0,1.0,37.0,0.0,0.0,0.0
Washim,MAHARASHTRA,washim,78.0,297.0,3.8076923076923075,853.0,82.0,0.0,14320.0
Jhajjar,HARYANA,jhajjar,12.0,80.0,6.666666666666667,61.0,8.0,0.0,0.0
East Garo Hills,MEGHALAYA,eastgarohills,9.0,34.0,3.7777777777777777,108.0,1.0,0.0,0.0
South West Garo Hills,MEGHALAYA,southwestgarohills,7.0,33.0,4.714285714285714,92.0,0.0,0.0,20.0
Neemuch,MADHYA PRADESH,neemuch,12.0,78.0,6.5,322.0,2.0,0.0,2000.0
Ramgarh,JHARKHAND,ramgarh,7.0,16.0,2.2857142857142856,24.0,16.0,0.0,16.0
Rewari,HARYANA,rewari,14.0,82.0,5.857142857142857,61.0,8.0,0.0,0.0
Dumka,JHARKHAND,dumka,4.0,25.0,6.25,84.0,0.0,0.0,2016.0
Namsai,ARUNACHAL PRADESH,namsai,18.0,87.0,4.833333333333333,322.0,31.0,2.0,16.0
Sidhi,MADHYA PRADESH,sidhi,8.0,65.0,8.125,158.0,0.0,0.0,2000.0
North Garo Hills,MEGHALAYA,northgarohills,6.0,32.0,5.333333333333333,92.0,0.0,0.0,20.0
Hyderabad,TELANGANA,hyderabad,39.0,289.0,7.410256410256411,666.0,20.0,0.0,14676.0
Lower Dibang Valley,ARUNACHAL PRADESH,lowerdibangvalley,23.0,101.0,4.391304347826087,334.0,31.0,2.0,48.0
New Delhi,DELHI,newdelhi,12.0,21.0,1.75,27.0,6.0,0.0,0.0
Anjaw,ARUNACHAL PRADESH,anjaw,21.0,96.0,4.571428571428571,334.0,31.0,3.0,16.0
Palwal,HARYANA,palwal,11.0,78.0,7.090909090909091,53.0,8.0,0.0,0.0
Pashchimi Singhbhum,JHARKHAND,pashchimisinghbhum,0.0,0.0,0.0,0.0,0.0,0.0,0.0
Siang,ARUNACHAL PRADESH,siang,20.0,95.0,4.75,330.0,46.0,2.0,16.0
Nabarangapur,ODISHA,nabarangapur,0.0,0.0,0.0,0.0,0.0,0.0,0.0
Bhadradri Kothagudem,TELANGANA,bhadradrikothagudem,6.0,16.0,2.6666666666666665,2.0,0.0,0.0,1.0
Muzaffarabad,JAMMU & KASHMIR,muzaffarabad,13.0,100.0,7.6923076923076925,883.0,5.0,0.0,11185.0
Imphal East,MANIPUR,imphaleast,12.0,58.0,4.833333333333333,5.0,0.0,5.0,200.0
Jhabua,MADHYA PRADESH,jhabua,15.0,110.0,7.333333333333333,182.0,0.0,0.0,2000.0
Mungeli,CHHATTISGARH,mungeli,2.0,4.0,2.0,7.0,4.0,0.0,0.0
Alirajpur,MADHYA PRADESH,alirajpur,14.0,73.0,5.214285714285714,170.0,0.0,0.0,2004.0
Deoghar,JHARKHAND,deoghar,4.0,18.0,4.5,17.0,0.0,0.0,0.0
Jogulamba Gadwal,TELANGANA,jogulambagadwal,4.0,135.0,33.75,44.0,0.0,0.0,300.0
Mamit,MIZORAM,mamit,7.0,24.0,3.4285714285714284,58.0,0.0,0.0,0.0
Khunti,JHARKHAND,khunti,5.0,12.0,2.4,25.0,7.0,0.0,5.0
Bokaro,JHARKHAND,bokaro,6.0,12.0,2.0,49.0,5.0,0.0,14.0
Nagarkurnool,TELANGANA,nagarkurnool,3.0,30.0,10.0,44.0,0.0,0.0,300.0
Anuppur,MADHYA PRADESH,anuppur,10.0,89.0,8.9,158.0,0.0,0.0,2000.0
Mahabubabad,TELANGANA,mahabubabad,6.0,47.0,7.833333333333333,47.0,0.0,0.0,300.0
Wanaparthy,TELANGANA,wanaparthy,3.0,30.0,10.0,44.0,0.0,0.0,300.0
Nirmal,TELANGANA,nirmal,3.0,30.0,10.0,45.0,0.0,0.0,300.0
Bametara,CHHATTISGARH,bametara,0.0,0.0,0.0,0.0,0.0,0.0,0.0
Mirpur,JAMMU & KASHMIR,mirpur,13.0,100.0,7.6923076923076925,883.0,5.0,0.0,11185.0
Pakur,JHARKHAND,pakur,3.0,17.0,5.666666666666667,15.0,0.0,0.0,0.0
Nuh,HARYANA,nuh,11.0,78.0,7.090909090909091,53.0,8.0,0.0,0.0
Kalimpong,WEST BENGAL,kalimpong,4.0,24.0,6.0,86.0,0.0,0.0,0.0
Lohardaga,JHARKHAND,lohardaga,5.0,12.0,2.4,49.0,0.0,0.0,0.0
Suryapet,TELANGANA,suryapet,3.0,32.0,10.666666666666666,44.0,0.0,0.0,300.0
Kolasib,MIZORAM,kolasib,6.0,23.0,3.8333333333333335,58.0,0.0,0.0,0.0
West Jaintia Hills,MEGHALAYA,westjaintiahills,0.0,0.0,0.0,0.0,0.0,0.0,0.0
Yadadri Bhuvanagiri,TELANGANA,yadadribhuvanagiri,2.0,3.0,1.5,2.0,0.0,0.0,0.0
Peddapalli,TELANGANA,peddapalli,3.0,30.0,10.0,44.0,0.0,0.0,300.0
Upper Dibang Valley,ARUNACHAL PRADESH,upperdibangvalley,0.0,0.0,0.0,0.0,0.0,0.0,0.0
Saiha,MIZORAM,saiha,0.0,0.0,0.0,0.0,0.0,0.0,0.0
Mahendragarh,HARYANA,mahendragarh,11.0,78.0,7.090909090909091,53.0,8.0,0.0,0.0
Imphal West,MANIPUR,imphalwest,12.0,58.0,4.833333333333333,5.0,0.0,5.0,200.0
Dadra & Nagar Haveli,DADRA & NAGAR HAVE,dadraandnagarhaveli,2.0,2.0,1.0,17.0,0.0,0.0,0.0
Puducherry,PUDUCHERRY,puducherry,0.0,0.0,0.0,0.0,0.0,0.0,0.0
Dhamtari,CHHATTISGARH,dhamtari,3.0,4.0,1.3333333333333333,57.0,2.0,0.0,0.0
Siddipet,TELANGANA,siddipet,5.0,34.0,6.8,45.0,0.0,0.0,301.0
Siddharthnagar,UTTAR PRADESH,siddharthnagar,32.0,727.0,22.71875,3386.0,12.0,0.0,4032.0
Serchhip,MIZORAM,serchhip,7.0,24.0,3.4285714285714284,59.0,1.0,0.0,0.0
Mancherial,TELANGANA,mancherial,3.0,30.0,10.0,44.0,0.0,0.0,300.0
Jagitial,TELANGANA,jagitial,2.0,29.0,14.5,44.0,0.0,0.0,300.0
East Jaintia Hills,MEGHALAYA,eastjaintiahills,3.0,3.0,1.0,8.0,12.0,0.0,0.0
Niwari,MADHYA PRADESH,niwari,8.0,65.0,8.125,158.0,0.0,0.0,2000.0
Charki Dadri,HARYANA,charkidadri,11.0,78.0,7.090909090909091,53.0,8.0,0.0,0.0
Lower Siang,ARUNACHAL PRADESH,lowersiang,17.0,86.0,5.0588235294117645,322.0,31.0,2.0,16.0
Chittaurgarh,RAJASTHAN,chittaurgarh,0.0,0.0,0.0,0.0,0.0,0.0,0.0
Kohima,NAGALAND,kohima,10.0,56.0,5.6,14.0,0.0,0.0,0.0
Narayanpur,CHHATTISGARH,narayanpur,2.0,5.0,2.5,18.0,8.0,0.0,0.0
Ranga Reddy,TELANGANA,rangareddy,13.0,49.0,3.769230769230769,45.0,0.0,0.0,388.0
North East,DELHI,northeast,16.0,42.0,2.625,18.0,42.0,0.0,25.0
South West Khasi Hills,MEGHALAYA,southwestkhasihills,5.0,15.0,3.0,48.0,0.0,0.0,0.0
Sangareddy,TELANGANA,sangareddy,10.0,73.0,7.3,93.0,9.0,0.0,7033.0
South East,DELHI,southeast,15.0,41.0,2.7333333333333334,18.0,39.0,0.0,25.0
Tirap,ARUNACHAL PRADESH,tirap,19.0,89.0,4.684210526315789,322.0,31.0,2.0,16.0
Korba,CHHATTISGARH,korba,3.0,5.0,1.6666666666666667,6.0,2.0,0.0,0.0
Phek,NAGALAND,phek,2.0,8.0,4.0,3.0,2.0,0.0,0.0
Longding,ARUNACHAL PRADESH,longding,20.0,96.0,4.8,322.0,31.0,2.0,16.0
Kamle,ARUNACHAL PRADESH,kamle,18.0,88.0,4.888888888888889,307.0,31.0,0.0,16.0
Zunheboto,NAGALAND,zunheboto,2.0,38.0,19.0,13.0,0.0,0.0,0.0
Pakke Kessang,ARUNACHAL PRADESH,pakkekessang,15.0,72.0,4.8,307.0,31.0,0.0,16.0
East Nimar,MADHYA PRADESH,eastnimar,11.0,73.0,6.636363636363637,169.0,0.0,0.0,2000.0
Baloda Bazar,CHHATTISGARH,balodabazar,0.0,0.0,0.0,0.0,0.0,0.0,0.0
Agar Malwa,MADHYA PRADESH,agarmalwa,11.0,69.0,6.9,164.0,0.0,0.0,2000.0
Jamtara,JHARKHAND,jamtara,3.0,17.0,5.666666666666667,15.0,0.0,0.0,0.0
Shi Yomi,ARUNACHAL PRADESH,shiyomi,17.0,86.0,5.0588235294117645,322.0,31.0,2.0,16.0
Jashpur,CHHATTISGARH,jashpur,1.0,1.0,1.0,5.0,0.0,0.0,0.0
Kiphire,NAGALAND,kiphire,2.0,38.0,19.0,13.0,0.0,0.0,0.0
North West,DELHI,northwest,16.0,48.0,3.0,51.0,39.0,0.0,25.0
Simdega,JHARKHAND,simdega,2.0,3.0,1.5,15.0,0.0,0.0,0.0
Dhanbad,JHARKHAND,dhanbad,3.0,4.0,1.3333333333333333,19.0,5.0,0.0,14.0
Latehar,JHARKHAND,latehar,2.0,3.0,1.5,15.0,0.0,0.0,0.0
Dimapur,NAGALAND,dimapur,3.0,11.0,3.6666666666666665,2.0,0.0,0.0,0.0
Lepa Rada,ARUNACHAL PRADESH,leparada,15.0,73.0,4.866666666666666,307.0,31.0,0.0,16.0
Kumuram Bheem Asifabad,TELANGANA,kumurambheemasifabad,5.0,32.0,6.4,47.0,0.0,0.0,300.0
Shahdol,MADHYA PRADESH,shahdol,13.0,74.0,5.6923076923076925,158.0,6.0,0.0,2075.0
Koriya,CHHATTISGARH,koriya,0.0,0.0,0.0,0.0,0.0,0.0,0.0
Hazaribagh,JHARKHAND,hazaribagh,15.0,48.0,3.2,135.0,12.0,0.0,32.0
Saraikela-kharsawan,JHARKHAND,saraikelakharsawan,2.0,3.0,1.5,15.0,0.0,0.0,0.0
Chandigarh,CHANDIGARH,chandigarh,19.0,43.0,2.263157894736842,17.0,13.0,0.0,0.0
Churachandpur,MANIPUR,churachandpur,4.0,28.0,7.0,0.0,0.0,0.0,0.0
Senapati,MANIPUR,senapati,4.0,28.0,7.0,0.0,0.0,0.0,0.0
Kabeerdham,CHHATTISGARH,kabeerdham,2.0,3.0,1.5,0.0,0.0,0.0,0.0
Mon,NAGALAND,mon,1.0,7.0,7.0,1.0,0.0,0.0,0.0
South Andaman,ANDAMAN & NICOBAR,southandaman,0.0,0.0,0.0,0.0,0.0,0.0,0.0
Jangoan,TELANGANA,jangoan,2.0,29.0,14.5,44.0,0.0,0.0,300.0
Umaria,MADHYA PRADESH,umaria,13.0,91.0,7.583333333333333,159.0,0.0,0.0,2002.0
Shahdara,DELHI,shahdara,15.0,41.0,2.7333333333333334,18.0,39.0,0.0,25.0
Pherzawl,MANIPUR,pherzawl,4.0,28.0,7.0,0.0,0.0,0.0,0.0
Ukhrul,MANIPUR,ukhrul,4.0,28.0,7.0,0.0,0.0,0.0,0.0
Kangpokpi,MANIPUR,kangpokpi,4.0,28.0,7.0,0.0,0.0,0.0,0.0
Kakching,MANIPUR,kakching,4.0,28.0,7.0,0.0,0.0,0.0,0.0
Peren,NAGALAND,peren,3.0,11.0,3.6666666666666665,2.0,0.0,0.0,0.0
Sukma,CHHATTISGARH,sukma,1.0,1.0,1.0,0.0,0.0,0.0,0.0
Chandel,MANIPUR,chandel,4.0,28.0,7.0,0.0,0.0,0.0,0.0
Jhargram,WEST BENGAL,jhargram,0.0,0.0,0.0,0.0,0.0,0.0,0.0
Wokha,NAGALAND,wokha,2.0,8.0,4.0,1.0,0.0,0.0,0.0
Surajpur,CHHATTISGARH,surajpur,0.0,0.0,0.0,0.0,0.0,0.0,0.0
Sahibzada Ajit Singh Nag*,PUNJAB,sahibzadaajitsinghnag,0.0,0.0,0.0,0.0,0.0,0.0,0.0
Mokokchung,NAGALAND,mokokchung,1.0,7.0,7.0,1.0,0.0,0.0,0.0
Jiribam,MANIPUR,jiribam,5.0,33.0,6.6,0.0,0.0,0.0,0.0
Tuensang,NAGALAND,tuensang,1.0,7.0,7.0,1.0,0.0,0.0,0.0
Kondagaon,CHHATTISGARH,kondagaon,0.0,0.0,0.0,0.0,0.0,0.0,0.0
Tirunelveli,TAMIL NADU,tirunelveli,20.0,137.0,6.85,868.0,156.0,0.0,3164.0
East Kameng,ARUNACHAL PRADESH,eastkameng,23.0,115.0,5.0,350.0,31.0,2.0,16.0
Kamjong,MANIPUR,kamjong,4.0,28.0,7.0,0.0,0.0,0.0,0.0
North  & Middle Andaman,ANDAMAN & NICOBAR,northandmiddleandaman,2.0,2.0,1.0,0.0,0.0,0.0,0.0
Tengnoupal,MANIPUR,tengnoupal,4.0,28.0,7.0,0.0,0.0,0.0,0.0
Gariaband,CHHATTISGARH,gariaband,0.0,0.0,0.0,0.0,0.0,0.0,0.0
Dakshin Bastar Dantewada,CHHATTISGARH,dakshinbastardantewada,2.0,2.0,1.0,24.0,0.0,0.0,42.0
"Almora
",UTTARAKHAND,almora,20.0,102.0,5.1,864.0,17.0,6.0,736.0
Karaikal,PUDUCHERRY,karaikal,2.0,10.0,5.0,10.0,0.0,0.0,0.0
Longleng,NAGALAND,longleng,1.0,7.0,7.0,1.0,0.0,0.0,0.0
Balod,CHHATTISGARH,balod,1.0,3.0,3.0,0.0,0.0,0.0,0.0
Rajanna Sircilla,TELANGANA,rajannasircilla,4.0,36.0,9.0,44.0,0.0,0.0,300.0
Kodarma,JHARKHAND,kodarma,0.0,0.0,0.0,0.0,0.0,0.0,0.0
Yanam,PUDUCHERRY,yanam,1.0,7.0,7.0,0.0,0.0,0.0,0.0
Bishnupur,MANIPUR,bishnupur,6.0,36.0,6.0,3.0,0.0,0.0,0.0
Daman,DAMAN & DIU,daman,0.0,0.0,0.0,0.0,0.0,0.0,0.0
Lakshadweep,LAKSHADWEEP,lakshadweep,0.0,0.0,0.0,0.0,0.0,0.0,0.0
Nicobars,ANDAMAN & NICOBAR,nicobars,0.0,0.0,0.0,0.0,0.0,0.0,0.0
Diu,DAMAN & DIU,diu,0.0,0.0,0.0,0.0,0.0,0.0,0.0
Mahe,PUDUCHERRY,mahe,1.0,7.0,7.0,0.0,0.0,0.0,0.0
